<?xml version="1.0" encoding="UTF-8" ?>
<!DOCTYPE mapper
        PUBLIC "-//mybatis.org//DTD Mapper 3.0//EN"
        "http://mybatis.org/dtd/mybatis-3-mapper.dtd">

<mapper namespace="com.example.demo.Mapper.CommentMapper">

    <!-- 根据pid查询所有帖子评论 -->
    <select id="getCommentsByPid" resultType="com.example.demo.pojo.CommentShow">
        SELECT c.*, u.username, u.avaurl
        FROM commentinfo c
                 JOIN userinfo u ON c.uid = u.uid
        WHERE c.pid = #{pid};
    </select>

    <!-- 删除评论 -->
    <delete id="deleteCommentById" parameterType="Integer">
        DELETE FROM commentinfo WHERE cid = #{cid}
    </delete>

    <!-- 点赞 -->
    <update id="like" parameterType="Integer">
        UPDATE commentinfo
        set likenum = likenum+1
        WHERE cid = #{cid}
    </update>

    <!-- 点踩 -->
    <update id="dislike" parameterType="Integer">
        UPDATE commentinfo
        set dislikenum = dislikenum+1
        WHERE cid = #{cid}
    </update>

    <!-- 发布评论 -->
    <insert id="createComment" parameterType="com.example.demo.pojo.Comment">
        INSERT INTO commentinfo (cid,ccontent,likenum,dislikenum,uid,pid)
        VALUES (#{cid}, #{ccontent}, #{likenum}, #{dislikenum}, #{uid}, #{pid})
    </insert>

    <!-- 用于生成cid -->
    <select id="countComment" resultType="Integer">
        select count(*) from commentinfo
    </select>
    <!--取消点踩 -->
    <update id="canceldislike" parameterType="Integer">
        update commentinfo set dislikenum = dislikenum -1 where cid = #{cid}
    </update>
</mapper>
