<?xml version="1.0" encoding="UTF-8" ?>
<!DOCTYPE mapper
        PUBLIC "-//mybatis.org//DTD Mapper 3.0//EN"
        "http://mybatis.org/dtd/mybatis-3-mapper.dtd">

<mapper namespace="com.example.demo.Mapper.FilmMapper">

    <!-- 根据fid查询电影 -->
    <select id="getFilmByFid" resultType="com.example.demo.pojo.Film">
        SELECT * FROM filminfo WHERE fid = #{fid}
    </select>

    <!-- 根据电影名搜索电影 -->
    <select id="findFilmsByName" parameterType="String">
        SELECT * FROM filminfo WHERE fname = #{fname}
    </select>

    <!-- 根据Tags查找电影 -->
    <select id="getFilmsByTags" parameterType="java.util.List" resultType="com.example.demo.pojo.Film">
        SELECT * FROM filminfo
        <where>
            <if test="movieTypes != null and movieTypes.size() > 0">
                AND (
                <foreach collection="movieTypes" item="movieType" separator="AND" open="" close="" index="">
                    type LIKE CONCAT('%', #{movieType}, '%')
                </foreach>
                )
            </if>
        </where>
    </select>
    <!-- 返回所有电影 -->
    <select id="findAllFilms" resultType="com.example.demo.pojo.Film">
        select * from filminfo
    </select>

    <select id="getFilm" resultType="com.example.demo.pojo.Film">
        select * from filminfo
    </select>
</mapper>
