<?xml version="1.0" encoding="UTF-8" ?>
<!DOCTYPE mapper
        PUBLIC "-//mybatis.org//DTD Mapper 3.0//EN"
        "http://mybatis.org/dtd/mybatis-3-mapper.dtd">

<mapper namespace="com.example.demo.Mapper.PostMapper">

    <!-- 发布帖子 -->
    <insert id="insertPost" parameterType="com.example.demo.pojo.Post">
        INSERT INTO postinfo (pid, uid, pcontent, picurl, seenum, likenum, collectnum,value,ptitle,fid)
        VALUES (#{pid}, #{uid}, #{pcontent}, #{picurl}, #{seenum}, #{likenum}, #{collectnum}, #{value}, #{ptitle}, #{fid})
    </insert>

    <!-- 修改帖子 -->
    <update id="updatePost" parameterType="com.example.demo.pojo.Post">
        UPDATE postinfo
        <set>
            <if test="picurl != null">picurl = #{picurl},</if>
            <if test="pcontent != null">pcontent = #{pcontent},</if>
        </set>
        WHERE pid = #{pid}
    </update>

    <!-- 点赞 -->
    <update id="like" parameterType="Integer">
        UPDATE postinfo
        set likenum = likenum+1
        WHERE pid = #{pid}
    </update>

    <!-- 添加喜欢关系 -->
    <insert id="addLikePost" parameterType="com.example.demo.pojo.Relation">
        insert into prelationinfo (pid, relation, uid) VALUES (#{pid},#{relation},#{uid})
    </insert>

    <!-- 收藏量 -->
    <update id="collect" parameterType="Integer">
        UPDATE postinfo
        set collectnum = postinfo.collectnum+1
        WHERE pid = #{pid}
    </update>

    <!-- 统计当前post数量，用于生成pid -->
    <select id="getArticlePageCount" resultType="Integer">
        select count(*)
        from postinfo
    </select>

    <!-- 添加浏览历史 -->
    <insert id="addHistoryPost" parameterType="com.example.demo.pojo.Relation">
        INSERT INTO prelationinfo (pid, uid, relation)
        VALUES (#{pid}, #{uid}, #{relation})
    </insert>

    <!-- 查找帖子 -->
    <select id="findPostById" parameterType="Integer">
        select * from postinfo
        where pid = #{pid}
    </select>

    <!-- 根据fid查询所有电影帖子 -->
    <select id="getPostsByFid" resultType="com.example.demo.pojo.PostShow">
        SELECT p.*, u.username, u.avaurl
        FROM postinfo p
                 JOIN userinfo u ON p.uid = u.uid
        WHERE p.fid = #{fid}
    </select>

    <!-- 根据pid查询帖子 -->
    <select id="getPostByPid" resultType="com.example.demo.pojo.PostShow">
        SELECT p.*, u.username, u.avaurl
        FROM postinfo p
                 JOIN userinfo u ON p.uid = u.uid
        WHERE p.pid = #{pid};
    </select>

    <!-- 删除postinfo中帖子 -->
    <delete id="deletePostById1" parameterType="Integer">
        DELETE FROM postinfo
        WHERE pid = #{pid}
    </delete>
    <!-- 删除prelationinfo中帖子 -->
    <delete id="deletePostById2" parameterType="Integer">
        DELETE FROM prelationinfo
        WHERE pid = #{pid}
    </delete>
    <!-- 删除commentinfo中帖子 -->
    <delete id="deletePostById3" parameterType="Integer">
        DELETE FROM commentinfo
        WHERE pid = #{pid}
    </delete>
    <!-- 查看关系 -->
    <select id="findRelation" parameterType="com.example.demo.pojo.Relation">
        select count(*) from prelationinfo where uid = #{uid} and pid = #{pid} and relation = #{relation}
    </select>

    <!-- 删除喜欢关系 -->
    <delete id="deleteLikeRelation" parameterType="com.example.demo.pojo.Relation">
        delete from prelationinfo where uid=#{uid} and pid = #{pid} and relation=#{relation}
    </delete>
</mapper>
