<?xml version="1.0" encoding="UTF-8" ?>
<!DOCTYPE mapper
        PUBLIC "-//mybatis.org//DTD Mapper 3.0//EN"
        "http://mybatis.org/dtd/mybatis-3-mapper.dtd">

<mapper namespace="com.example.demo.Mapper.UserMapper">

    <!-- 用户登陆 -->
    <select id="findByUsernameAndPassword" resultType="com.example.demo.pojo.User">
        SELECT * FROM userinfo WHERE username = #{username} AND password = #{password}
    </select>

    <!-- 用户注册 -->
    <insert id="insertUser" parameterType="com.example.demo.pojo.User">
        INSERT INTO userinfo (uid,username, password) VALUES (#{uid},#{username}, #{password})
    </insert>
    <!-- 计算当前表中记录总数，用于生成uid -->
    <select id="getMaxUid" resultType="Integer">
        select Max(uid)
        from userinfo
    </select>

    <!-- 更新用户信息 -->
    <update id="updateUserInfo" parameterType="com.example.demo.pojo.User">
        UPDATE userinfo
        <set>
            <if test="username != null">username = #{username},</if>
            <if test="password != null">password = #{password},</if>
            <if test="avaurl != null">avaurl = #{avaurl},</if>
            <if test="tags != null">tags = #{tags},</if>
        </set>
        WHERE uid = #{uid}
    </update>

    <!-- 添加关系 -->
    <insert id="addRelation" parameterType="com.example.demo.pojo.Relation">
        INSERT INTO prelationinfo (pid,relation,uid) VALUES (#{pid},#{relation}, #{uid})
    </insert>

    <!-- 查询发布帖子 -->
    <select id="findPost" parameterType="Integer">
        SELECT * FROM postinfo
        WHERE uid = #{uid}
    </select>

    <!-- 查询收藏的帖子 -->
    <select id="findCollectedPost" parameterType="Integer">
        SELECT * FROM postinfo
        WHERE postinfo.pid in (SELECT prelationinfo.pid FROM prelationinfo WHERE prelationinfo.uid =#{uid} and prelationinfo.relation = 'c')
    </select>

    <!-- 查询浏览历史 -->
    <select id="findHistoryPost" parameterType="Integer">
        SELECT * FROM postinfo
         WHERE postinfo.pid in (SELECT prelationinfo.pid FROM prelationinfo WHERE prelationinfo.uid =#{uid} and (prelationinfo.relation = 'h'))
    </select>

    <!-- 清空浏览历史 -->
    <delete id="deleteHistory" parameterType="Integer">
        DELETE FROM prelationinfo WHERE uid = #{uid} and (relation = 'h')
    </delete>

    <!-- 判断用户是否有浏览记录 -->
    <select id="getHistoryCount" resultType="Integer">
        select count(*)
        from prelationinfo
        where uid = #{uid} and (relation = 'h')
    </select>
    <!-- 判断用户名是否重名 -->
    <select id="findUserByName" parameterType="String">
        select count(*)
        from userinfo
        where username = #{username}
    </select>

    <!-- 获取用户喜欢电影类型 -->
    <select id="getUserTags" parameterType="Integer">
        select tags from userinfo where uid = #{uid}
    </select>
    <!-- 获取推荐电影 -->
    <select id="recommendationFilm" parameterType="java.util.List" resultType="com.example.demo.pojo.Film">
        SELECT * FROM filminfo
        <where>
            <if test="tagList != null and tagList.size() > 0">
                AND (
                <foreach collection="tagList" item="movieType" separator="OR" open="" close="" index="">
                    type LIKE CONCAT('%', #{movieType}, '%')
                </foreach>
                )
            </if>
        </where>
    </select>
    <!-- 收藏数+1 -->
    <update id="addCollectNum" parameterType="Integer">
        UPDATE postinfo
        <set>collectnum = collectnum + 1</set>
        WHERE pid = #{pid}
    </update>
    <!--查找当前是否收藏过 -->
    <select id="findCollectRelation" resultType="java.lang.Integer">
        select * from prelationinfo where uid=#{uid} and pid =#{pid} and relation = #{relation}
    </select>

    <!-- 查找用户tags-->
    <select id="getTags" parameterType="Integer">
        select tags from userinfo where uid=#{uid}
    </select>

    <!-- 更新用户信息 -->
    <update id="updateTags">
        UPDATE userinfo
        <set>
            tags = concat(tags,#{newTags})
        </set>
        WHERE uid = #{uid}
    </update>
</mapper>
